customer_id,age,gender,income,education,city,credit_score,purchase_amount,churn
CUST_0001,56,Female,108554.02,Bachelor,Hyderabad,705,879.36,0
CUST_0002,69,Female,91115.61,High School,Mumbai,714,1729.0,1
CUST_0003,46,Male,155495.65,PhD,Mumbai,827,2365.4,0
CUST_0004,32,Female,84644.19,Bachelor,Hyderabad,674,1636.36,0
CUST_0005,60,Female,133701.0,Master,Delhi,743,1110.51,0
CUST_0006,25,Female,68658.18,High School,Bangalore,680,1371.88,1
CUST_0007,38,Male,79791.76,Bachelor,Bangalore,615,1941.59,0
CUST_0008,56,Male,108504.54,Bachelor,Delhi,738,2037.31,0
CUST_0009,36,Male,85006.78,Master,Hyderabad,617,1252.17,1
CUST_0010,40,Female,66920.52,High School,Chennai,657,1576.72,1
CUST_0011,28,Female,77456.6,Bachelor,Delhi,639,411.77,1
CUST_0012,28,Female,91947.15,PhD,Bangalore,709,1858.23,0
CUST_0013,41,Male,82837.1,Bachelor,Bangalore,699,1989.04,1
CUST_0014,70,Female,114720.66,Bachelor,Hyderabad,736,658.38,0
CUST_0015,53,Male,90020.92,High School,Bangalore,671,1212.78,1
CUST_0016,57,Male,149147.01,PhD,Bangalore,781,1372.48,0
CUST_0017,41,Male,81621.53,High School,Bangalore,737,1292.09,0
CUST_0018,20,Female,88988.17,Master,Delhi,714,1647.65,0
CUST_0019,39,Male,115521.17,Master,Hyderabad,686,1331.5,0
CUST_0020,70,Female,115072.45,High School,Bangalore,785,1606.66,1
CUST_0021,19,Female,81673.36,Bachelor,Mumbai,585,826.48,0
CUST_0022,41,Male,75395.03,High School,Delhi,647,920.24,0
CUST_0023,61,Female,111466.79,Bachelor,Hyderabad,708,918.2,0
CUST_0024,47,Male,117473.07,Master,Bangalore,770,2683.69,1
CUST_0025,55,Male,118835.89,Master,Mumbai,699,505.33,0
CUST_0026,19,Male,81325.65,Bachelor,Mumbai,660,1793.51,0
CUST_0027,38,Male,96909.83,Bachelor,Hyderabad,691,1572.37,0
CUST_0028,50,Female,92502.78,High School,Mumbai,693,1036.25,0
CUST_0029,29,Male,61114.19,High School,Bangalore,685,1046.12,1
CUST_0030,39,Female,67725.23,High School,Delhi,710,931.96,0
CUST_0031,61,Female,105213.25,High School,Chennai,726,1511.06,0
CUST_0032,42,Female,79129.03,Bachelor,Bangalore,657,564.19,0
CUST_0033,66,Female,134543.64,Bachelor,Hyderabad,728,1699.05,1
CUST_0034,44,Female,91023.63,Bachelor,Bangalore,689,862.39,0
CUST_0035,59,Male,98851.07,High School,Delhi,787,565.11,0
CUST_0036,45,Male,84903.99,Bachelor,Mumbai,677,1075.8,0
CUST_0037,33,Female,101829.86,Master,Chennai,718,699.58,0
CUST_0038,32,Female,73862.58,Bachelor,Mumbai,600,754.72,0
CUST_0039,64,Male,138292.29,Master,Hyderabad,769,904.52,0
CUST_0040,68,Male,144173.93,Master,Chennai,814,975.08,0
CUST_0041,61,Male,91723.68,High School,Delhi,714,738.32,0
CUST_0042,69,Female,126564.71,Master,Chennai,802,3151.2,0
CUST_0043,20,Male,79319.0,Bachelor,Chennai,622,439.35,0
CUST_0044,54,Male,102877.01,Bachelor,Bangalore,658,1896.2,1
CUST_0045,68,Male,123848.49,Bachelor,Mumbai,807,956.86,0
CUST_0046,24,Male,73654.65,Bachelor,Hyderabad,607,1749.03,1
CUST_0047,38,Female,73063.0,Bachelor,Bangalore,673,359.34,1
CUST_0048,26,Male,75826.66,Bachelor,Chennai,661,1805.87,1
CUST_0049,56,Female,108191.27,Bachelor,Hyderabad,671,1840.08,1
CUST_0050,35,Male,75564.69,Bachelor,Bangalore,692,454.3,0
CUST_0051,21,Female,53634.64,Bachelor,Delhi,586,1246.81,0
CUST_0052,42,Male,111458.86,Master,Mumbai,720,1745.0,0
CUST_0053,31,Male,73477.12,High School,Delhi,635,775.51,0
CUST_0054,67,Female,107185.91,High School,Bangalore,798,2183.03,0
CUST_0055,26,Female,71855.35,Master,Bangalore,686,1767.61,1
CUST_0056,43,Female,81026.67,Bachelor,Delhi,610,1073.71,0
CUST_0057,70,Female,104678.76,High School,Chennai,820,1191.34,0
CUST_0058,19,Female,63446.2,High School,Chennai,594,1374.83,1
CUST_0059,37,Male,66932.49,High School,Delhi,718,1152.76,0
CUST_0060,45,Female,124314.31,PhD,Bangalore,732,2873.16,0
CUST_0061,64,Male,100065.15,Bachelor,Delhi,715,1848.2,1
CUST_0062,24,Female,77233.15,Master,Bangalore,636,767.83,0
CUST_0063,61,Female,100870.64,Bachelor,Hyderabad,710,2344.88,0
CUST_0064,25,Female,59968.2,Bachelor,Chennai,708,473.53,1
CUST_0065,64,Female,117999.51,Bachelor,Chennai,751,1207.92,1
CUST_0066,52,Male,98388.36,Bachelor,Hyderabad,699,1557.85,1
CUST_0067,31,Female,79194.94,High School,Bangalore,659,1313.82,0
CUST_0068,34,Male,106580.03,Master,Chennai,667,525.85,1
CUST_0069,53,Female,112511.16,Master,Mumbai,788,2344.11,0
CUST_0070,67,Female,111231.82,Bachelor,Hyderabad,696,1327.43,0
CUST_0071,57,Male,157226.42,PhD,Bangalore,783,2067.33,0
CUST_0072,21,Female,96800.42,Master,Chennai,703,2035.62,0
CUST_0073,19,Female,40857.52,Bachelor,Hyderabad,586,559.21,0
CUST_0074,23,Female,53528.58,High School,Bangalore,627,345.22,0
CUST_0075,59,Female,108281.22,Bachelor,Mumbai,787,921.97,0
CUST_0076,21,Male,71691.2,Bachelor,Chennai,668,1694.77,0
CUST_0077,46,Male,99626.68,High School,Mumbai,709,574.97,1
CUST_0078,35,Female,62159.43,High School,Bangalore,708,758.83,0
CUST_0079,43,Male,85993.01,Master,Bangalore,659,1263.75,0
CUST_0080,61,Female,103990.08,High School,Bangalore,726,1451.98,0
CUST_0081,51,Male,115099.64,Bachelor,Hyderabad,733,518.11,0
CUST_0082,27,Male,84362.4,Master,Delhi,655,1348.69,0
CUST_0083,53,Female,111549.63,Master,Bangalore,694,1380.94,0
CUST_0084,31,Female,72827.41,Bachelor,Mumbai,591,1834.13,0
CUST_0085,48,Male,121102.05,Master,Mumbai,754,973.17,1
CUST_0086,65,Female,98455.39,High School,Bangalore,704,1251.62,0
CUST_0087,32,Male,66687.6,High School,Mumbai,705,951.28,0
CUST_0088,25,Male,70278.03,Bachelor,Mumbai,633,859.25,0
CUST_0089,31,Male,76446.2,Bachelor,Mumbai,643,1300.84,0
CUST_0090,40,Male,95012.92,Bachelor,Chennai,729,789.43,0
CUST_0091,57,Male,103614.2,Bachelor,Bangalore,738,935.76,0
CUST_0092,38,Female,66294.13,High School,Delhi,639,1392.8,0
CUST_0093,33,Female,72576.03,High School,Delhi,626,1068.53,1
CUST_0094,62,Male,104530.75,Bachelor,Delhi,850,1397.85,0
CUST_0095,35,Female,88197.8,Master,Delhi,687,804.62,0
CUST_0096,64,Female,104196.86,Bachelor,Delhi,771,917.3,1
CUST_0097,70,Male,132490.11,Bachelor,Hyderabad,747,694.2,0
CUST_0098,41,Female,88147.63,Bachelor,Delhi,661,633.05,1
CUST_0099,43,Female,63463.85,High School,Delhi,721,1038.55,0
CUST_0100,42,Male,83938.09,High School,Chennai,725,1911.96,0
CUST_0101,62,Male,123844.58,Master,Delhi,776,1294.43,1
CUST_0102,58,Female,100883.22,Bachelor,Bangalore,708,1169.62,1
CUST_0103,46,Female,78243.21,High School,Bangalore,664,626.84,1
CUST_0104,32,Male,93187.24,Bachelor,Bangalore,655,1279.35,0
CUST_0105,62,Female,110450.38,Bachelor,Hyderabad,700,649.09,1
CUST_0106,18,Female,67353.39,Bachelor,Chennai,655,1610.6,1
CUST_0107,42,Female,82670.8,High School,Hyderabad,693,1539.77,0
CUST_0108,24,Female,58232.73,High School,Delhi,642,1440.68,0
CUST_0109,26,Female,68910.72,High School,Mumbai,623,1586.99,0
CUST_0110,41,Male,67128.84,High School,Bangalore,659,1030.14,1
CUST_0111,18,Male,51166.65,Bachelor,Delhi,583,743.33,0
CUST_0112,61,Female,117570.33,Master,Delhi,724,963.4,0
CUST_0113,25,Female,83555.32,Master,Hyderabad,714,1163.24,0
CUST_0114,41,Male,94729.53,Master,Bangalore,696,2195.1,0
CUST_0115,28,Female,75075.41,Bachelor,Delhi,664,495.23,0
CUST_0116,68,Female,122369.88,Bachelor,Delhi,794,2675.84,0
CUST_0117,34,Male,90985.73,Bachelor,Delhi,682,950.93,1
CUST_0118,25,Female,72911.44,Bachelor,Delhi,648,1650.78,0
CUST_0119,52,Female,98238.48,Bachelor,Chennai,672,2330.11,1
CUST_0120,52,Female,91508.49,High School,Bangalore,668,1627.23,0
CUST_0121,50,Female,89698.06,Bachelor,Chennai,661,1602.64,0
CUST_0122,22,Male,101018.59,PhD,Delhi,699,1463.19,0
CUST_0123,59,Female,98994.01,High School,Hyderabad,722,2153.15,0
CUST_0124,56,Male,93493.18,High School,Chennai,676,2282.83,0
CUST_0125,58,Male,113750.65,Bachelor,Mumbai,761,2314.29,1
CUST_0126,45,Female,102559.54,Master,Bangalore,727,1750.8,0
CUST_0127,24,Male,80320.31,Bachelor,Hyderabad,625,1358.21,0
CUST_0128,26,Male,89421.69,Bachelor,Delhi,664,1991.27,0
CUST_0129,25,Female,38973.24,High School,Hyderabad,608,542.15,0
CUST_0130,29,Male,62644.02,Bachelor,Bangalore,599,1402.87,1
CUST_0131,51,Male,101630.83,Bachelor,Delhi,733,1571.27,0
CUST_0132,50,Female,112434.49,Master,Chennai,739,675.8,0
CUST_0133,65,Female,136964.12,Bachelor,Hyderabad,748,1777.23,0
CUST_0134,40,Male,75197.84,High School,Mumbai,668,1105.53,0
CUST_0135,41,Female,88125.45,High School,Chennai,694,673.71,0
CUST_0136,54,Male,69308.76,High School,Delhi,647,477.79,0
CUST_0137,52,Female,110541.69,Bachelor,Bangalore,709,1811.21,0
CUST_0138,61,Female,106044.83,Bachelor,Delhi,697,816.75,0
CUST_0139,57,Female,101084.57,Bachelor,Delhi,704,1119.36,0
CUST_0140,39,Female,84316.42,Bachelor,Hyderabad,673,1619.31,1
CUST_0141,44,Female,78554.16,Bachelor,Mumbai,652,1884.44,0
CUST_0142,52,Female,91827.86,High School,Bangalore,648,1829.2,1
CUST_0143,18,Male,48507.15,High School,Bangalore,570,1154.01,1
CUST_0144,52,Male,120061.92,Master,Mumbai,728,2266.77,0
CUST_0145,54,Female,98670.31,High School,Mumbai,741,1087.76,0
CUST_0146,64,Male,131947.82,Bachelor,Chennai,796,2387.12,0
CUST_0147,31,Female,88562.89,Master,Mumbai,699,1741.34,0
CUST_0148,20,Male,68773.51,Bachelor,Hyderabad,601,889.87,0
CUST_0149,18,Female,79529.88,Master,Hyderabad,646,526.3,0
CUST_0150,22,Male,70176.15,Bachelor,Delhi,547,1376.91,0
CUST_0151,43,Male,130525.98,PhD,Hyderabad,762,661.23,1
CUST_0152,31,Female,78105.03,High School,Chennai,676,1403.02,0
CUST_0153,56,Male,87603.23,High School,Delhi,686,774.08,0
CUST_0154,44,Female,77542.64,Bachelor,Bangalore,679,1316.85,0
CUST_0155,26,Male,79221.26,Master,Mumbai,597,1155.68,0
CUST_0156,32,Male,100972.67,Master,Delhi,662,487.34,0
CUST_0157,32,Female,63633.3,High School,Hyderabad,661,722.99,1
CUST_0158,43,Male,86924.01,Bachelor,Mumbai,700,1559.84,1
CUST_0159,59,Female,115035.03,Master,Hyderabad,729,2558.71,1
CUST_0160,30,Female,78212.86,Bachelor,Delhi,682,1740.07,0
CUST_0161,68,Female,143045.06,Master,Bangalore,801,2105.83,0
CUST_0162,49,Female,116858.72,Master,Hyderabad,716,2280.56,0
CUST_0163,56,Female,104666.7,Bachelor,Delhi,718,1137.15,0
CUST_0164,66,Female,120666.41,Bachelor,Mumbai,744,1430.95,0
CUST_0165,69,Male,124208.43,Bachelor,Delhi,728,1113.66,0
CUST_0166,49,Male,85696.97,High School,Bangalore,731,1488.19,0
CUST_0167,21,Male,68356.95,Master,Delhi,608,739.05,0
CUST_0168,47,Male,98373.26,Bachelor,Mumbai,675,572.39,0
CUST_0169,54,Female,115394.04,Master,Mumbai,684,2105.43,1
CUST_0170,40,Female,83406.19,High School,Hyderabad,581,1553.02,0
CUST_0171,56,Male,143529.19,PhD,Delhi,807,1729.69,1
CUST_0172,62,Male,122754.79,Bachelor,Bangalore,786,749.81,0
CUST_0173,32,Male,60382.19,High School,Mumbai,671,857.83,0
CUST_0174,60,Female,94342.86,High School,Hyderabad,708,1250.54,0
CUST_0175,46,Female,125142.51,Master,Bangalore,732,2300.3,0
CUST_0176,53,Male,107963.35,Bachelor,Bangalore,708,1320.89,1
CUST_0177,30,Female,83854.85,Master,Bangalore,647,1591.74,0
CUST_0178,49,Female,92769.74,High School,Bangalore,737,2103.34,1
CUST_0179,24,Male,48466.95,High School,Chennai,601,565.41,0
CUST_0180,68,Female,123856.98,Bachelor,Chennai,781,3106.49,1
CUST_0181,39,Female,105166.75,Bachelor,Mumbai,689,1366.75,1
CUST_0182,45,Male,79687.18,Bachelor,Delhi,720,808.84,0
CUST_0183,19,Male,96042.18,PhD,Mumbai,600,1288.73,0
CUST_0184,59,Male,149882.72,PhD,Hyderabad,753,1028.82,0
CUST_0185,62,Male,137046.98,Master,Hyderabad,793,1009.72,0
CUST_0186,70,Female,126587.66,Master,Mumbai,835,1692.78,0
CUST_0187,23,Female,52242.1,Bachelor,Hyderabad,598,1075.38,1
CUST_0188,45,Male,104907.49,Bachelor,Chennai,682,2351.3,0
CUST_0189,45,Male,86795.85,Bachelor,Mumbai,719,1669.65,1
CUST_0190,61,Male,120577.17,Master,Bangalore,765,877.12,1
CUST_0191,61,Male,113702.5,High School,Mumbai,789,2083.58,0
CUST_0192,37,Female,85097.02,Bachelor,Chennai,627,1518.0,1
CUST_0193,47,Male,82162.38,High School,Hyderabad,722,1781.4,0
CUST_0194,28,Male,71802.01,Bachelor,Chennai,587,1470.77,1
CUST_0195,45,Male,96760.18,Master,Hyderabad,689,2158.7,0
CUST_0196,42,Female,112156.97,Master,Delhi,733,1430.45,0
CUST_0197,56,Male,96294.51,High School,Chennai,718,1958.33,0
CUST_0198,50,Female,136686.91,PhD,Chennai,802,1423.67,0
CUST_0199,18,Male,60436.77,Bachelor,Mumbai,548,1451.23,0
CUST_0200,44,Female,74876.8,High School,Delhi,670,816.93,0
CUST_0201,69,Female,131924.83,Bachelor,Chennai,823,659.51,0
CUST_0202,30,Male,74587.07,Bachelor,Bangalore,650,584.47,1
CUST_0203,58,Male,93959.39,High School,Chennai,671,1920.97,0
CUST_0204,20,Female,104298.93,PhD,Bangalore,716,1411.08,0
CUST_0205,56,Female,109279.61,Bachelor,Delhi,708,1536.82,0
CUST_0206,23,Male,99022.76,Master,Chennai,647,2275.96,1
CUST_0207,25,Male,52386.33,Bachelor,Bangalore,575,1279.75,1
CUST_0208,44,Female,80799.07,High School,Bangalore,667,850.49,0
CUST_0209,26,Female,64143.94,Bachelor,Mumbai,634,568.15,0
CUST_0210,54,Male,80379.13,High School,Hyderabad,641,1803.48,0
CUST_0211,50,Female,95429.36,Bachelor,Bangalore,666,2196.14,0
CUST_0212,68,Male,137146.79,Master,Hyderabad,763,2163.12,1
CUST_0213,59,Female,111790.69,Bachelor,Bangalore,705,1915.62,0
CUST_0214,61,Male,98026.94,Bachelor,Hyderabad,722,1098.61,1
CUST_0215,41,Male,68789.16,High School,Hyderabad,665,1472.25,0
CUST_0216,32,Male,66212.22,High School,Mumbai,646,1114.01,1
CUST_0217,49,Female,75030.7,High School,Delhi,679,1139.64,0
CUST_0218,49,Male,87652.16,Bachelor,Mumbai,749,485.96,1
CUST_0219,41,Male,51638.68,High School,Delhi,641,1290.27,1
CUST_0220,58,Male,102968.07,Bachelor,Bangalore,751,1792.26,1
CUST_0221,69,Male,111303.71,Bachelor,Bangalore,735,936.69,0
CUST_0222,66,Female,109360.67,Bachelor,Bangalore,776,1907.98,0
CUST_0223,66,Male,101481.8,High School,Mumbai,715,1868.51,0
CUST_0224,69,Female,116801.71,Bachelor,Bangalore,772,1747.81,0
CUST_0225,29,Female,78137.62,Master,Delhi,604,1531.96,0
CUST_0226,56,Female,86041.58,Bachelor,Hyderabad,702,1448.43,0
CUST_0227,19,Male,65823.11,Bachelor,Mumbai,587,1633.71,0
CUST_0228,20,Male,56528.27,High School,Delhi,642,346.57,0
CUST_0229,66,Male,150232.55,PhD,Mumbai,835,1075.75,0
CUST_0230,54,Male,102142.24,Bachelor,Chennai,702,873.5,0
CUST_0231,66,Male,119228.11,Bachelor,Hyderabad,830,2321.66,0
CUST_0232,34,Female,111587.84,Master,Hyderabad,698,1983.25,0
CUST_0233,66,Male,103522.92,Bachelor,Hyderabad,678,2388.06,0
CUST_0234,19,Male,58655.1,Bachelor,Bangalore,584,1183.85,0
CUST_0235,19,Female,45580.27,Bachelor,Chennai,555,708.81,1
CUST_0236,45,Male,82623.18,High School,Chennai,691,2034.69,1
CUST_0237,40,Female,121560.42,PhD,Bangalore,687,1260.8,1
CUST_0238,54,Female,121829.92,Master,Hyderabad,729,2634.62,1
CUST_0239,49,Male,100331.23,Bachelor,Bangalore,720,1456.02,0
CUST_0240,50,Female,94907.08,High School,Delhi,707,1683.04,0
CUST_0241,18,Female,51981.33,High School,Bangalore,599,970.37,0
CUST_0242,36,Female,91505.08,Bachelor,Mumbai,685,1617.05,0
CUST_0243,19,Male,67144.65,Master,Chennai,611,520.57,0
CUST_0244,70,Male,135931.71,Bachelor,Delhi,732,1893.72,0
CUST_0245,61,Female,105976.37,Bachelor,Mumbai,718,1696.99,0
CUST_0246,43,Male,99951.3,Master,Mumbai,718,2202.54,0
CUST_0247,49,Male,86508.43,High School,Chennai,684,1206.6,1
CUST_0248,23,Male,70619.18,Bachelor,Bangalore,647,1696.02,0
CUST_0249,49,Female,73081.43,High School,Mumbai,648,1013.72,0
CUST_0250,21,Male,98467.21,PhD,Hyderabad,708,1578.2,0
CUST_0251,28,Female,88482.35,Bachelor,Chennai,577,1877.37,0
CUST_0252,34,Female,51116.63,High School,Mumbai,622,895.06,0
CUST_0253,55,Female,120852.19,Bachelor,Chennai,794,2875.97,1
CUST_0254,41,Female,86783.02,Bachelor,Chennai,732,1517.42,0
CUST_0255,22,Female,58022.45,Master,Hyderabad,605,981.46,0
CUST_0256,69,Female,124132.68,Master,Delhi,723,714.44,0
CUST_0257,51,Male,91565.22,Bachelor,Bangalore,746,1204.53,0
CUST_0258,23,Female,46360.71,High School,Bangalore,595,510.26,1
CUST_0259,39,Male,70752.87,High School,Bangalore,647,1392.75,0
CUST_0260,28,Male,31565.2,High School,Delhi,550,299.88,1
CUST_0261,65,Male,119868.04,Bachelor,Bangalore,714,1042.73,1
CUST_0262,33,Female,84049.09,Master,Delhi,685,780.83,1
CUST_0263,50,Male,113905.23,Bachelor,Mumbai,754,864.46,0
CUST_0264,26,Female,53498.23,High School,Bangalore,619,610.84,0
CUST_0265,23,Female,77028.46,Bachelor,Hyderabad,616,1705.27,0
CUST_0266,33,Female,105703.49,Master,Mumbai,661,2192.98,0
CUST_0267,46,Female,121032.73,Master,Bangalore,687,2341.4,0
CUST_0268,20,Female,73335.93,Master,Chennai,614,1501.54,1
CUST_0269,37,Female,78608.0,Bachelor,Bangalore,627,820.99,1
CUST_0270,53,Female,86350.27,High School,Chennai,633,2089.73,1
CUST_0271,36,Female,104562.37,Master,Chennai,723,818.52,0
CUST_0272,43,Female,86493.05,Bachelor,Mumbai,635,885.86,0
CUST_0273,20,Female,62807.38,Bachelor,Chennai,653,1018.95,0
CUST_0274,36,Male,100935.94,Master,Delhi,708,746.6,1
CUST_0275,37,Male,90351.08,Master,Mumbai,690,1714.69,1
CUST_0276,49,Male,89118.92,Bachelor,Bangalore,751,1177.37,0
CUST_0277,24,Male,67217.36,Bachelor,Bangalore,585,1398.54,1
CUST_0278,69,Female,122541.79,Bachelor,Hyderabad,797,1870.28,0
CUST_0279,58,Female,113938.85,Bachelor,Mumbai,730,953.92,1
CUST_0280,50,Female,106718.87,Bachelor,Delhi,810,2070.01,1
CUST_0281,57,Male,112409.37,Master,Delhi,724,1157.16,0
CUST_0282,56,Female,114079.15,Master,Delhi,719,1689.84,0
CUST_0283,35,Female,87292.48,Master,Bangalore,688,564.93,0
CUST_0284,57,Female,107524.47,High School,Mumbai,722,1944.79,0
CUST_0285,18,Female,75397.29,Master,Chennai,608,1411.27,0
CUST_0286,28,Female,88761.29,Master,Bangalore,633,1016.54,0
CUST_0287,45,Male,94577.74,Bachelor,Bangalore,747,2318.19,1
CUST_0288,42,Female,98243.3,Master,Bangalore,657,2243.79,0
CUST_0289,67,Male,151042.7,Master,Mumbai,815,2953.05,1
CUST_0290,40,Male,92110.27,Bachelor,Hyderabad,723,1728.26,0
CUST_0291,48,Female,97995.91,Bachelor,Bangalore,743,1000.91,0
CUST_0292,47,Male,70347.44,High School,Bangalore,641,1281.42,0
CUST_0293,59,Female,99180.68,Bachelor,Mumbai,712,841.19,0
CUST_0294,52,Male,99310.92,Bachelor,Chennai,697,829.91,0
CUST_0295,24,Female,76800.08,Master,Delhi,590,1907.11,0
CUST_0296,33,Male,53925.56,High School,Mumbai,639,998.5,0
CUST_0297,43,Female,72890.42,High School,Chennai,662,955.61,0
CUST_0298,65,Female,115835.72,Bachelor,Delhi,802,1173.74,0
CUST_0299,69,Male,109217.85,High School,Hyderabad,718,1853.14,0
CUST_0300,66,Female,99160.81,High School,Chennai,766,605.75,0
CUST_0301,19,Female,37723.99,High School,Bangalore,620,233.35,0
CUST_0302,18,Male,36870.79,High School,Bangalore,579,55.36,1
CUST_0303,65,Male,115129.73,High School,Bangalore,675,1744.22,0
CUST_0304,29,Male,62282.42,Bachelor,Mumbai,610,1078.51,1
CUST_0305,22,Male,70031.82,Bachelor,Hyderabad,694,472.03,0
CUST_0306,54,Female,124995.46,Master,Mumbai,763,2408.95,0
CUST_0307,49,Female,97587.25,Bachelor,Bangalore,729,915.86,0
CUST_0308,26,Male,103878.29,Master,Chennai,684,2014.96,1
CUST_0309,58,Male,99617.19,High School,Delhi,711,2375.59,1
CUST_0310,52,Female,105829.03,High School,Bangalore,656,1979.57,0
CUST_0311,36,Male,91689.36,Master,Mumbai,709,2085.15,0
CUST_0312,65,Male,96660.55,High School,Mumbai,761,2346.67,0
CUST_0313,33,Female,84875.37,Bachelor,Chennai,634,1259.13,1
CUST_0314,20,Female,61385.34,Bachelor,Bangalore,610,1123.08,0
CUST_0315,37,Female,101256.65,Bachelor,Bangalore,685,2290.01,0
CUST_0316,41,Female,77617.0,High School,Delhi,680,941.76,0
CUST_0317,50,Female,89554.26,Bachelor,Bangalore,675,832.56,1
CUST_0318,41,Female,71831.84,Bachelor,Delhi,690,1729.54,0
CUST_0319,69,Male,107017.61,High School,Mumbai,746,2113.4,0
CUST_0320,28,Male,72708.77,Bachelor,Mumbai,553,781.04,0
CUST_0321,66,Male,137337.66,Master,Hyderabad,801,1940.65,0
CUST_0322,25,Male,117106.91,PhD,Delhi,741,2376.83,0
CUST_0323,53,Female,99391.13,High School,Bangalore,672,1512.07,0
CUST_0324,55,Male,115210.99,Master,Delhi,753,2136.62,0
CUST_0325,57,Male,95461.81,Bachelor,Chennai,776,1876.29,1
CUST_0326,37,Male,72058.79,Bachelor,Chennai,656,1179.24,1
CUST_0327,52,Male,80031.98,High School,Bangalore,722,1314.66,0
CUST_0328,65,Female,129332.68,Master,Hyderabad,757,2561.87,0
CUST_0329,42,Male,78450.62,High School,Mumbai,667,1581.16,0
CUST_0330,52,Female,94390.32,Bachelor,Bangalore,697,1615.29,0
CUST_0331,42,Male,78203.92,High School,Bangalore,654,1027.45,0
CUST_0332,46,Female,113820.4,Master,Bangalore,721,1536.5,0
CUST_0333,35,Female,98433.44,Master,Chennai,633,2366.51,0
CUST_0334,63,Male,119313.77,Master,Bangalore,743,781.73,1
CUST_0335,35,Female,86678.27,Bachelor,Bangalore,719,1014.12,0
CUST_0336,19,Male,68612.7,High School,Hyderabad,592,1008.25,1
CUST_0337,52,Male,104858.97,Bachelor,Mumbai,682,2240.93,0
CUST_0338,33,Female,50069.25,Bachelor,Bangalore,617,483.56,0
CUST_0339,58,Male,107008.8,High School,Bangalore,734,1175.06,0
CUST_0340,53,Male,96572.52,Bachelor,Bangalore,722,669.09,0
CUST_0341,50,Female,157657.13,PhD,Bangalore,793,3009.43,0
CUST_0342,21,Male,81363.63,Master,Delhi,650,888.5,0
CUST_0343,50,Female,98152.99,Master,Bangalore,695,1188.23,0
CUST_0344,31,Male,91553.03,PhD,Bangalore,630,1242.61,0
CUST_0345,38,Female,85997.41,High School,Chennai,672,1982.49,0
CUST_0346,65,Female,129059.05,Bachelor,Delhi,797,1765.42,1
CUST_0347,37,Female,141660.19,PhD,Mumbai,775,1152.81,0
CUST_0348,25,Female,55109.24,High School,Delhi,552,849.29,0
CUST_0349,24,Male,83234.7,Master,Mumbai,662,1995.45,0
CUST_0350,20,Female,60172.81,Bachelor,Mumbai,583,1090.86,0
CUST_0351,34,Male,74217.1,Bachelor,Delhi,701,1868.99,0
CUST_0352,50,Male,96075.7,Bachelor,Mumbai,716,2052.85,0
CUST_0353,65,Male,135174.63,Master,Hyderabad,812,727.89,0
CUST_0354,29,Female,81360.99,Master,Bangalore,658,1450.89,0
CUST_0355,68,Male,89907.11,High School,Chennai,714,931.5,1
CUST_0356,39,Female,103398.77,Master,Bangalore,754,1725.76,0
CUST_0357,39,Female,63138.04,High School,Chennai,676,690.22,0
CUST_0358,63,Female,83205.62,Bachelor,Delhi,705,1024.48,0
CUST_0359,47,Male,101925.67,Bachelor,Chennai,702,2401.1,0
CUST_0360,55,Female,94919.41,Bachelor,Bangalore,649,878.82,1
CUST_0361,55,Male,112617.89,Bachelor,Delhi,746,2452.81,0
CUST_0362,62,Male,135778.48,Master,Delhi,774,801.31,0
CUST_0363,68,Male,139435.9,Master,Chennai,810,922.43,0
CUST_0364,25,Male,94968.18,Bachelor,Delhi,702,2096.52,0
CUST_0365,44,Female,76419.48,High School,Delhi,711,1322.17,0
CUST_0366,44,Female,104943.6,Master,Mumbai,722,2100.36,0
CUST_0367,51,Male,123036.72,Master,Mumbai,709,1159.16,0
CUST_0368,38,Male,100045.53,Master,Mumbai,620,1524.44,0
CUST_0369,47,Male,93004.94,High School,Bangalore,667,1848.96,0
CUST_0370,50,Male,72311.94,High School,Hyderabad,715,1246.36,0
CUST_0371,45,Female,66478.26,High School,Chennai,718,1025.62,0
CUST_0372,64,Male,109458.09,High School,Hyderabad,733,2592.68,0
CUST_0373,50,Male,88351.89,Bachelor,Bangalore,641,1586.43,0
CUST_0374,22,Male,87490.99,Master,Hyderabad,635,2007.88,0
CUST_0375,65,Female,121700.03,Bachelor,Chennai,800,2338.48,0
CUST_0376,36,Female,61255.12,High School,Delhi,614,1196.07,0
CUST_0377,21,Female,68871.7,Bachelor,Delhi,649,428.18,0
CUST_0378,52,Female,75054.08,High School,Mumbai,681,919.28,1
CUST_0379,66,Female,94201.0,High School,Chennai,745,2138.59,0
CUST_0380,34,Male,78428.12,Bachelor,Delhi,722,760.56,0
CUST_0381,61,Female,113989.28,Bachelor,Bangalore,765,841.39,0
CUST_0382,45,Female,105963.61,Master,Mumbai,718,1168.06,0
CUST_0383,47,Female,135731.16,PhD,Hyderabad,827,1270.36,0
CUST_0384,46,Female,99084.66,Bachelor,Hyderabad,716,2307.97,1
CUST_0385,63,Female,130893.67,Bachelor,Hyderabad,744,2960.78,0
CUST_0386,70,Female,138047.15,Master,Delhi,815,2031.6,0
CUST_0387,23,Female,79545.63,Bachelor,Bangalore,663,452.29,0
CUST_0388,52,Female,96607.26,High School,Bangalore,697,1879.55,0
CUST_0389,58,Female,147539.77,Master,Bangalore,773,2676.26,0
CUST_0390,54,Female,88527.42,High School,Bangalore,687,2152.25,0
CUST_0391,41,Male,84996.41,Bachelor,Mumbai,658,1383.57,0
CUST_0392,46,Female,107776.94,Bachelor,Bangalore,708,1311.4,0
CUST_0393,66,Male,123054.33,Bachelor,Mumbai,734,1918.12,1
CUST_0394,63,Female,128416.59,Bachelor,Hyderabad,782,3182.98,0
CUST_0395,70,Female,146167.99,Master,Mumbai,814,2761.8,0
CUST_0396,48,Female,61532.38,High School,Hyderabad,662,1130.84,0
CUST_0397,52,Male,91163.22,High School,Delhi,697,856.88,0
CUST_0398,50,Male,118112.16,Master,Bangalore,731,2371.45,0
CUST_0399,69,Male,124131.07,Bachelor,Mumbai,819,2506.47,0
CUST_0400,38,Female,69277.57,High School,Bangalore,652,821.87,0
CUST_0401,49,Male,97878.56,Master,Mumbai,750,1411.89,0
CUST_0402,40,Male,96741.77,Bachelor,Delhi,658,1095.22,0
CUST_0403,50,Male,118737.68,Master,Bangalore,759,1264.72,1
CUST_0404,20,Female,90019.57,Master,Bangalore,633,436.02,0
CUST_0405,35,Female,66612.44,Bachelor,Mumbai,622,698.19,0
CUST_0406,42,Male,95471.34,Bachelor,Hyderabad,679,1593.87,0
CUST_0407,59,Male,143453.41,PhD,Chennai,769,689.38,0
CUST_0408,48,Female,84037.88,High School,Chennai,667,922.65,0
CUST_0409,20,Female,76768.4,Master,Bangalore,682,1737.56,1
CUST_0410,57,Female,98836.08,High School,Chennai,718,1684.2,0
CUST_0411,63,Male,113971.27,Bachelor,Chennai,754,1957.39,1
CUST_0412,41,Female,78680.85,Bachelor,Delhi,651,1065.45,0
CUST_0413,67,Male,136264.25,Master,Hyderabad,815,2473.82,0
CUST_0414,49,Female,131658.25,PhD,Mumbai,769,1112.75,0
CUST_0415,64,Female,100966.06,High School,Hyderabad,717,2231.37,0
CUST_0416,39,Male,39921.89,High School,Hyderabad,551,397.8,0
CUST_0417,40,Male,109826.36,Master,Bangalore,720,1989.79,1
CUST_0418,19,Female,59653.36,Bachelor,Mumbai,632,791.04,1
CUST_0419,44,Female,64318.46,High School,Hyderabad,615,1244.58,1
CUST_0420,59,Female,120025.64,Bachelor,Bangalore,740,1893.27,0
CUST_0421,19,Female,69163.66,Bachelor,Delhi,645,1044.42,1
CUST_0422,43,Female,123326.8,PhD,Hyderabad,682,1074.73,0
CUST_0423,34,Female,54278.31,High School,Delhi,600,1043.02,0
CUST_0424,57,Male,110180.31,Bachelor,Bangalore,747,2722.34,0
CUST_0425,50,Female,101231.06,Bachelor,Delhi,751,2127.06,0
CUST_0426,26,Male,95443.34,Master,Bangalore,751,602.94,0
CUST_0427,60,Male,107562.64,Bachelor,Delhi,802,1407.28,0
CUST_0428,65,Female,129949.22,Bachelor,Bangalore,778,3048.69,0
CUST_0429,56,Male,86797.47,High School,Delhi,680,1292.92,1
CUST_0430,46,Male,96741.68,Master,Delhi,733,1788.98,0
CUST_0431,59,Male,99477.17,Bachelor,Chennai,701,2285.07,0
CUST_0432,43,Female,75975.88,High School,Delhi,639,1722.4,1
CUST_0433,52,Male,101744.85,Bachelor,Delhi,704,1533.05,1
CUST_0434,67,Male,108678.61,High School,Delhi,728,1470.13,0
CUST_0435,42,Male,74496.26,High School,Bangalore,677,927.63,1
CUST_0436,41,Male,113973.19,Master,Delhi,699,2241.14,1
CUST_0437,30,Male,73389.06,Bachelor,Bangalore,649,770.5,1
CUST_0438,24,Male,63837.24,Master,Hyderabad,680,637.48,1
CUST_0439,53,Female,102389.03,Bachelor,Bangalore,721,1227.9,0
CUST_0440,62,Male,109332.21,Master,Mumbai,791,902.23,0
CUST_0441,37,Male,72113.91,High School,Delhi,695,1278.21,0
CUST_0442,18,Male,72171.93,Bachelor,Mumbai,651,1226.17,0
CUST_0443,25,Male,95137.76,PhD,Bangalore,660,1363.29,0
CUST_0444,63,Female,144785.57,Master,Delhi,829,1859.94,0
CUST_0445,33,Female,88028.31,Bachelor,Delhi,663,2062.64,0
CUST_0446,31,Male,89264.8,Bachelor,Chennai,671,458.21,0
CUST_0447,29,Male,91695.64,Master,Mumbai,684,1887.63,0
CUST_0448,68,Male,111672.35,Bachelor,Delhi,749,2524.92,1
CUST_0449,40,Female,110808.15,Master,Mumbai,689,1536.97,0
CUST_0450,32,Female,87153.99,Master,Delhi,616,1365.55,0
CUST_0451,45,Female,80178.85,High School,Delhi,708,1952.72,0
CUST_0452,51,Male,84486.49,High School,Delhi,708,786.96,0
CUST_0453,19,Female,74046.96,Bachelor,Bangalore,574,1135.01,1
CUST_0454,49,Male,91103.27,High School,Bangalore,669,1289.23,0
CUST_0455,40,Male,87194.34,Bachelor,Bangalore,685,870.14,0
CUST_0456,39,Male,82283.93,Master,Bangalore,686,1850.01,0
CUST_0457,68,Male,115247.73,Bachelor,Mumbai,701,2624.72,0
CUST_0458,42,Female,112442.22,Master,Delhi,716,2344.63,0
CUST_0459,39,Female,89601.1,Bachelor,Bangalore,700,792.46,0
CUST_0460,39,Male,71767.78,Bachelor,Hyderabad,642,505.9,0
CUST_0461,66,Female,86134.12,High School,Bangalore,717,1515.51,1
CUST_0462,69,Female,124755.09,Bachelor,Chennai,753,748.53,0
CUST_0463,59,Female,100229.43,Bachelor,Delhi,753,1885.37,0
CUST_0464,23,Female,57992.04,Bachelor,Mumbai,587,1043.0,0
CUST_0465,32,Female,100126.08,Master,Bangalore,649,1856.25,0
CUST_0466,60,Female,124022.39,Bachelor,Delhi,759,2164.68,0
CUST_0467,54,Female,97292.98,Bachelor,Mumbai,661,1333.04,0
CUST_0468,50,Male,99552.4,Bachelor,Hyderabad,636,851.12,1
CUST_0469,25,Male,54257.53,High School,Delhi,649,616.81,0
CUST_0470,70,Female,122357.96,Bachelor,Hyderabad,733,1878.81,1
CUST_0471,61,Male,98605.98,High School,Bangalore,674,1748.79,0
CUST_0472,61,Female,105764.99,High School,Chennai,703,2174.04,1
CUST_0473,22,Male,44660.76,High School,Delhi,563,900.81,0
CUST_0474,56,Male,91947.22,Bachelor,Chennai,700,2195.46,0
CUST_0475,21,Male,97100.1,Master,Bangalore,633,1176.03,0
CUST_0476,23,Male,78494.22,Bachelor,Delhi,663,544.5,1
CUST_0477,62,Female,103363.62,Bachelor,Mumbai,752,1243.6,1
CUST_0478,49,Female,100156.32,Bachelor,Chennai,664,1994.19,0
CUST_0479,69,Female,117907.02,High School,Mumbai,738,1682.78,0
CUST_0480,47,Female,118890.44,Master,Hyderabad,716,2642.78,0
CUST_0481,64,Male,121420.13,Bachelor,Bangalore,753,1975.34,0
CUST_0482,52,Male,100697.73,Bachelor,Chennai,751,2382.11,0
CUST_0483,57,Female,125673.04,Bachelor,Hyderabad,797,3084.42,1
CUST_0484,69,Female,110008.59,High School,Chennai,835,709.64,0
CUST_0485,33,Male,74450.41,Bachelor,Delhi,572,1073.62,0
CUST_0486,30,Male,84710.76,Bachelor,Mumbai,631,1506.55,0
CUST_0487,67,Male,136360.59,Master,Hyderabad,848,1360.3,0
CUST_0488,59,Female,99297.98,High School,Bangalore,657,1201.14,0
CUST_0489,47,Female,98431.49,Bachelor,Delhi,767,1804.51,0
CUST_0490,36,Male,88167.76,Bachelor,Delhi,681,879.3,0
CUST_0491,34,Female,56015.44,High School,Chennai,631,989.61,1
CUST_0492,36,Female,68688.94,Bachelor,Bangalore,601,1368.72,0
CUST_0493,45,Male,123341.33,Master,Delhi,723,820.1,0
CUST_0494,43,Female,109095.85,Master,Chennai,776,1710.09,0
CUST_0495,54,Female,112508.47,Bachelor,Bangalore,732,1163.77,0
CUST_0496,43,Male,89002.41,Master,Hyderabad,670,1764.68,1
CUST_0497,70,Male,169666.83,PhD,Bangalore,850,1536.74,0
CUST_0498,40,Male,97785.14,Master,Mumbai,688,2164.79,0
CUST_0499,26,Male,48137.82,High School,Bangalore,615,605.34,1
CUST_0500,29,Male,89166.27,Master,Bangalore,639,747.03,0
CUST_0501,70,Female,114220.2,Bachelor,Hyderabad,753,1625.33,0
CUST_0502,18,Male,96582.68,PhD,Mumbai,644,1257.19,1
CUST_0503,18,Male,60236.62,Bachelor,Mumbai,549,919.29,1
CUST_0504,64,Female,112403.96,High School,Bangalore,762,1878.58,0
CUST_0505,51,Female,131333.45,Master,Delhi,715,1952.05,0
CUST_0506,49,Male,113615.16,Bachelor,Delhi,723,874.79,0
CUST_0507,65,Male,130354.85,PhD,Mumbai,806,828.61,0
CUST_0508,42,Male,116048.33,PhD,Mumbai,672,2298.95,1
CUST_0509,57,Female,85651.13,Bachelor,Hyderabad,718,1337.82,1
CUST_0510,62,Male,87464.58,High School,Mumbai,695,1093.74,1
CUST_0511,70,Female,117504.82,Bachelor,Mumbai,726,2529.02,0
CUST_0512,18,Female,50705.62,High School,Bangalore,668,615.02,0
CUST_0513,33,Male,59400.67,High School,Chennai,629,1341.08,0
CUST_0514,56,Female,117279.3,Master,Mumbai,723,1276.94,0
CUST_0515,22,Female,53217.65,High School,Delhi,579,293.63,1
CUST_0516,39,Male,69706.9,Bachelor,Bangalore,682,1572.3,0
CUST_0517,46,Female,121814.07,PhD,Hyderabad,716,1631.34,0
CUST_0518,20,Male,58964.43,Bachelor,Bangalore,639,1230.78,0
CUST_0519,29,Female,72775.98,Bachelor,Chennai,644,746.22,1
CUST_0520,43,Female,107369.54,Master,Mumbai,752,1851.14,0
CUST_0521,33,Female,79606.5,High School,Bangalore,623,1768.99,1
CUST_0522,68,Female,145683.36,Master,Chennai,769,968.83,0
CUST_0523,54,Female,132106.9,PhD,Mumbai,753,2747.96,0
CUST_0524,39,Female,99186.71,Master,Hyderabad,689,1597.72,0
CUST_0525,46,Female,91905.61,Bachelor,Hyderabad,681,1665.77,0
CUST_0526,31,Female,72058.47,Bachelor,Hyderabad,737,1176.7,0
CUST_0527,45,Male,96725.16,Bachelor,Bangalore,771,2146.77,0
CUST_0528,22,Male,62802.2,Master,Chennai,631,378.74,0
CUST_0529,64,Male,140607.14,Master,Mumbai,802,1460.23,0
CUST_0530,66,Male,136135.51,Bachelor,Hyderabad,775,3071.82,0
CUST_0531,47,Male,78701.59,High School,Delhi,638,1666.95,0
CUST_0532,63,Female,97706.36,High School,Chennai,716,540.0,0
CUST_0533,69,Male,109370.44,High School,Mumbai,774,1734.53,0
CUST_0534,22,Female,91593.86,Master,Delhi,709,1437.16,0
CUST_0535,29,Male,71557.06,Bachelor,Bangalore,677,829.88,0
CUST_0536,33,Female,103939.45,Master,Chennai,643,1078.29,1
CUST_0537,43,Female,111484.95,Master,Mumbai,709,2028.22,1
CUST_0538,43,Male,100216.11,High School,Delhi,651,905.1,0
CUST_0539,65,Female,114713.38,Bachelor,Chennai,791,2510.49,0
CUST_0540,38,Male,65840.0,Bachelor,Delhi,630,1404.76,0
CUST_0541,56,Female,92870.61,Bachelor,Bangalore,705,1230.38,0
CUST_0542,53,Male,118719.28,Master,Delhi,758,1328.78,1
CUST_0543,50,Female,125278.82,Master,Mumbai,845,1265.08,0
CUST_0544,47,Male,104874.91,Master,Mumbai,723,1511.49,0
CUST_0545,54,Female,102490.68,Bachelor,Bangalore,710,1955.59,0
CUST_0546,40,Female,79848.43,High School,Bangalore,624,992.25,0
CUST_0547,27,Male,77747.67,Master,Bangalore,700,1382.12,0
CUST_0548,22,Male,45287.31,High School,Chennai,588,596.44,0
CUST_0549,53,Male,91922.73,Bachelor,Bangalore,759,1043.83,0
CUST_0550,51,Male,97982.28,High School,Mumbai,747,520.57,0
CUST_0551,69,Female,138216.73,Bachelor,Hyderabad,774,717.94,1
CUST_0552,48,Male,66805.85,High School,Bangalore,609,595.61,1
CUST_0553,27,Male,70978.15,Bachelor,Delhi,648,965.52,0
CUST_0554,36,Male,132272.59,PhD,Chennai,720,2888.3,0
CUST_0555,49,Female,87786.95,High School,Hyderabad,692,1784.79,0
CUST_0556,18,Male,41707.61,High School,Chennai,621,433.29,0
CUST_0557,22,Male,50938.38,Bachelor,Chennai,545,408.17,0
CUST_0558,62,Male,140929.45,Master,Chennai,795,1419.09,0
CUST_0559,21,Male,53805.15,High School,Mumbai,632,673.94,1
CUST_0560,33,Female,64870.14,Bachelor,Chennai,665,987.56,0
CUST_0561,41,Male,86098.91,High School,Bangalore,631,1104.69,0
CUST_0562,33,Male,78595.96,Master,Hyderabad,672,701.08,0
CUST_0563,19,Female,60595.14,Bachelor,Mumbai,656,463.1,0
CUST_0564,66,Female,131553.85,Master,Delhi,789,677.71,0
CUST_0565,45,Male,125183.81,Master,Bangalore,738,926.96,0
CUST_0566,49,Female,81189.54,High School,Chennai,720,1485.48,1
CUST_0567,44,Female,105153.57,Master,Bangalore,686,1024.0,0
CUST_0568,37,Male,55769.22,High School,Hyderabad,575,737.35,0
CUST_0569,41,Female,97796.02,Master,Chennai,689,1714.09,1
CUST_0570,29,Female,66627.05,Bachelor,Bangalore,653,1539.61,0
CUST_0571,67,Male,127747.78,Master,Chennai,808,2869.55,0
CUST_0572,52,Male,87462.85,High School,Chennai,712,1800.25,0
CUST_0573,50,Male,60658.24,High School,Delhi,680,394.33,0
CUST_0574,50,Female,84897.7,Bachelor,Mumbai,724,1415.38,0
CUST_0575,68,Female,120489.81,Bachelor,Bangalore,750,2495.98,0
CUST_0576,60,Female,98212.55,High School,Bangalore,714,510.1,1
CUST_0577,54,Male,102465.67,Bachelor,Mumbai,764,1611.81,0
CUST_0578,29,Female,59392.06,High School,Hyderabad,582,1249.01,0
CUST_0579,20,Female,59908.83,Bachelor,Bangalore,629,944.02,0
CUST_0580,18,Male,76414.95,Master,Chennai,611,362.32,1
CUST_0581,50,Male,104341.42,Bachelor,Mumbai,755,546.1,0
CUST_0582,57,Female,97671.34,High School,Delhi,714,1256.71,1
CUST_0583,27,Male,65510.42,Bachelor,Chennai,631,517.67,0
CUST_0584,60,Female,106150.95,High School,Hyderabad,792,2083.93,0
CUST_0585,61,Male,149771.09,PhD,Mumbai,760,2835.71,0
CUST_0586,46,Male,92522.14,High School,Mumbai,702,864.2,0
CUST_0587,30,Male,105328.72,Master,Mumbai,688,2397.01,0
CUST_0588,29,Male,95372.73,PhD,Bangalore,696,1353.78,0
CUST_0589,48,Female,104009.72,Master,Bangalore,781,879.42,0
CUST_0590,63,Male,123735.48,Bachelor,Mumbai,740,2523.59,0
CUST_0591,19,Female,61151.08,Master,Mumbai,573,1254.33,0
CUST_0592,68,Female,170801.77,PhD,Chennai,809,3028.56,0
CUST_0593,67,Female,116961.18,Bachelor,Mumbai,748,2573.63,0
CUST_0594,52,Male,108150.33,Bachelor,Mumbai,727,2228.91,0
CUST_0595,40,Female,86836.09,Bachelor,Mumbai,682,1892.12,1
CUST_0596,34,Female,66876.1,Bachelor,Chennai,704,826.18,0
CUST_0597,43,Male,102155.45,Bachelor,Hyderabad,762,1953.0,0
CUST_0598,25,Male,97507.23,Bachelor,Delhi,722,2392.5,0
CUST_0599,46,Female,75049.92,High School,Chennai,756,1498.37,0
CUST_0600,43,Female,73376.41,High School,Bangalore,691,572.52,0
CUST_0601,27,Male,30909.0,High School,Delhi,618,444.58,0
CUST_0602,43,Female,105115.03,Bachelor,Mumbai,737,1758.93,0
CUST_0603,51,Female,95317.65,High School,Mumbai,727,752.88,0
CUST_0604,68,Female,104266.16,Bachelor,Chennai,752,2478.09,1
CUST_0605,58,Female,88951.15,Bachelor,Hyderabad,689,786.11,1
CUST_0606,24,Female,64307.69,Master,Bangalore,582,602.29,0
CUST_0607,21,Male,56651.69,High School,Delhi,606,1296.33,0
CUST_0608,70,Male,116449.91,High School,Delhi,778,1747.46,1
CUST_0609,67,Male,126166.66,Master,Bangalore,772,838.56,1
CUST_0610,62,Female,119392.6,Bachelor,Bangalore,716,2104.93,0
CUST_0611,28,Female,60188.77,High School,Mumbai,618,1010.36,0
CUST_0612,46,Male,106527.3,Master,Bangalore,707,746.09,1
CUST_0613,53,Female,128301.97,Master,Bangalore,754,3246.02,0
CUST_0614,42,Female,78350.64,Bachelor,Bangalore,685,1223.63,0
CUST_0615,38,Female,97075.39,Bachelor,Mumbai,716,1564.52,0
CUST_0616,53,Male,131314.78,PhD,Chennai,743,1975.16,1
CUST_0617,27,Female,90215.37,Bachelor,Delhi,702,1495.81,1
CUST_0618,54,Male,94746.94,Bachelor,Hyderabad,747,917.94,0
CUST_0619,26,Male,82684.28,Master,Mumbai,666,847.85,1
CUST_0620,41,Male,89785.87,Bachelor,Chennai,707,1380.89,0
CUST_0621,52,Male,102923.19,Bachelor,Hyderabad,751,2136.69,1
CUST_0622,66,Male,124108.29,Bachelor,Delhi,727,756.52,0
CUST_0623,52,Female,104543.18,Master,Mumbai,756,1797.59,1
CUST_0624,65,Male,117626.88,Bachelor,Chennai,727,2462.6,0
CUST_0625,53,Female,104981.32,Bachelor,Bangalore,697,851.24,1
CUST_0626,35,Male,76722.62,Bachelor,Mumbai,664,380.27,0
CUST_0627,66,Female,108240.59,High School,Delhi,667,1202.63,0
CUST_0628,56,Female,93736.3,Bachelor,Delhi,714,1530.85,0
CUST_0629,49,Male,110535.46,Master,Bangalore,759,862.59,0
CUST_0630,41,Male,81668.16,Bachelor,Hyderabad,614,1074.33,1
CUST_0631,40,Male,69765.69,High School,Delhi,691,1061.19,0
CUST_0632,49,Female,128270.35,Master,Mumbai,727,2207.4,0
CUST_0633,54,Female,104464.56,High School,Hyderabad,729,1127.01,0
CUST_0634,29,Male,122504.16,PhD,Mumbai,699,1648.21,1
CUST_0635,66,Female,99577.43,High School,Hyderabad,749,1996.77,0
CUST_0636,30,Male,85076.18,Bachelor,Delhi,699,2002.83,0
CUST_0637,40,Male,74123.62,High School,Bangalore,682,1659.86,1
CUST_0638,42,Female,105855.9,Master,Chennai,709,1698.83,0
CUST_0639,52,Male,101626.39,Bachelor,Delhi,698,1370.61,0
CUST_0640,58,Female,112184.18,High School,Chennai,735,1332.87,0
CUST_0641,47,Male,110058.39,Bachelor,Hyderabad,744,849.31,0
CUST_0642,34,Female,73248.96,High School,Chennai,675,595.32,1
CUST_0643,66,Male,102496.99,High School,Delhi,752,1955.78,1
CUST_0644,37,Male,99795.61,Master,Hyderabad,649,1025.2,0
CUST_0645,65,Female,123305.67,Bachelor,Delhi,762,1234.88,0
CUST_0646,42,Male,100183.91,Master,Mumbai,679,2494.79,0
CUST_0647,39,Female,96183.16,Bachelor,Hyderabad,714,789.21,0
CUST_0648,30,Female,66787.55,Bachelor,Bangalore,609,443.42,0
CUST_0649,36,Female,72118.44,High School,Chennai,667,526.12,1
CUST_0650,66,Female,81302.84,High School,Hyderabad,691,1410.49,0
CUST_0651,53,Female,113093.81,Master,Chennai,667,1969.11,0
CUST_0652,29,Female,130576.77,PhD,Delhi,763,1686.04,1
CUST_0653,58,Female,119961.91,Bachelor,Chennai,749,1875.57,1
CUST_0654,36,Female,98554.68,Bachelor,Mumbai,736,1949.09,0
CUST_0655,29,Male,68126.92,Bachelor,Hyderabad,579,1501.25,1
CUST_0656,26,Male,107237.73,PhD,Bangalore,682,2566.71,0
CUST_0657,24,Female,81619.92,Bachelor,Bangalore,644,1804.07,0
CUST_0658,45,Male,100330.95,Bachelor,Bangalore,714,1571.2,0
CUST_0659,31,Male,97285.66,Master,Delhi,637,856.59,0
CUST_0660,48,Male,98905.82,High School,Delhi,725,651.85,0
CUST_0661,69,Male,97395.45,High School,Chennai,796,603.23,1
CUST_0662,36,Female,81357.62,Bachelor,Mumbai,682,1529.66,1
CUST_0663,64,Female,114259.14,Master,Mumbai,751,2443.38,0
CUST_0664,33,Male,53648.94,High School,Bangalore,572,817.52,0
CUST_0665,70,Female,134741.85,Bachelor,Mumbai,759,752.23,0
CUST_0666,22,Female,57226.51,Bachelor,Delhi,610,935.51,0
CUST_0667,52,Male,109755.24,Bachelor,Bangalore,708,2654.42,1
CUST_0668,29,Female,91384.85,Bachelor,Bangalore,708,1497.03,0
CUST_0669,42,Male,88620.62,Bachelor,Bangalore,702,1832.94,0
CUST_0670,69,Male,127998.63,Bachelor,Bangalore,850,2742.04,0
CUST_0671,38,Female,93033.12,Bachelor,Mumbai,651,2189.12,0
CUST_0672,53,Male,91385.05,Bachelor,Bangalore,702,1821.17,0
CUST_0673,70,Female,117835.48,Bachelor,Chennai,712,2364.92,0
CUST_0674,40,Female,92963.39,Master,Chennai,610,868.15,0
CUST_0675,33,Male,59232.77,High School,Delhi,654,375.21,0
CUST_0676,56,Female,129361.11,Master,Hyderabad,779,1965.29,0
CUST_0677,62,Female,123448.03,Master,Mumbai,730,908.09,0
CUST_0678,70,Male,123648.47,Bachelor,Delhi,773,3053.24,1
CUST_0679,59,Female,100375.38,Bachelor,Hyderabad,699,960.48,1
CUST_0680,56,Female,119464.22,Bachelor,Bangalore,729,2662.98,1
CUST_0681,31,Female,56748.9,High School,Hyderabad,611,770.96,1
CUST_0682,48,Female,112829.81,Bachelor,Bangalore,695,1262.37,0
CUST_0683,22,Male,52009.29,High School,Mumbai,579,1279.67,0
CUST_0684,52,Female,88330.0,Bachelor,Bangalore,671,1035.54,1
CUST_0685,40,Female,101289.73,Master,Chennai,715,1264.09,0
CUST_0686,46,Female,84572.23,Bachelor,Delhi,585,563.55,0
CUST_0687,60,Female,132893.49,Master,Chennai,763,2493.99,0
CUST_0688,28,Female,70986.37,Bachelor,Mumbai,602,677.76,0
CUST_0689,35,Male,98632.1,Master,Mumbai,653,1730.36,0
CUST_0690,64,Female,113106.47,Bachelor,Bangalore,728,1888.0,0
CUST_0691,29,Female,54246.58,High School,Mumbai,616,1082.26,1
CUST_0692,26,Female,61463.78,Bachelor,Hyderabad,616,1249.86,0
CUST_0693,27,Female,65762.23,High School,Mumbai,594,1013.0,1
CUST_0694,61,Male,111468.47,Bachelor,Chennai,766,1265.21,0
CUST_0695,34,Male,92653.09,Master,Chennai,648,2077.23,1
CUST_0696,55,Male,89017.86,High School,Mumbai,674,971.02,0
CUST_0697,24,Male,62011.38,Bachelor,Delhi,632,902.92,0
CUST_0698,63,Female,127486.49,Master,Bangalore,778,1704.4,0
CUST_0699,30,Female,93056.3,Master,Bangalore,654,2063.98,0
CUST_0700,57,Female,98058.63,Bachelor,Bangalore,613,1405.25,0
CUST_0701,59,Male,101906.48,Bachelor,Delhi,693,1293.32,0
CUST_0702,26,Female,84982.84,Bachelor,Mumbai,664,1564.83,0
CUST_0703,67,Male,116772.43,Bachelor,Delhi,780,2004.57,0
CUST_0704,44,Male,102284.39,Master,Delhi,703,708.43,1
CUST_0705,19,Female,84361.28,PhD,Mumbai,633,1248.11,1
CUST_0706,22,Female,89906.78,Master,Delhi,742,1813.62,0
CUST_0707,46,Male,99640.74,Master,Chennai,692,2566.8,0
CUST_0708,54,Male,89647.07,High School,Bangalore,721,1563.94,1
CUST_0709,55,Male,103918.15,Master,Bangalore,675,1240.46,0
CUST_0710,36,Male,106381.73,Master,Chennai,665,1005.4,0
CUST_0711,25,Female,66768.56,High School,Mumbai,653,1525.14,0
CUST_0712,65,Male,137845.2,Master,Delhi,821,2947.78,0
CUST_0713,62,Female,99055.2,Bachelor,Mumbai,709,1018.41,0
CUST_0714,18,Male,69987.62,Bachelor,Mumbai,562,664.03,0
CUST_0715,39,Male,93526.51,Master,Bangalore,681,1750.15,0
CUST_0716,69,Male,111090.28,Bachelor,Bangalore,756,1230.55,0
CUST_0717,34,Male,61965.39,High School,Delhi,637,620.51,1
CUST_0718,24,Male,64766.32,Bachelor,Mumbai,606,578.33,0
CUST_0719,42,Male,85349.51,Bachelor,Chennai,673,777.76,0
CUST_0720,62,Female,142136.74,Master,Hyderabad,761,1861.81,0
CUST_0721,21,Male,85318.26,Bachelor,Delhi,614,1651.49,0
CUST_0722,53,Female,89908.63,Bachelor,Chennai,725,1082.48,0
CUST_0723,23,Male,75711.68,Master,Mumbai,645,850.06,0
CUST_0724,48,Female,99027.48,Bachelor,Mumbai,701,1041.16,0
CUST_0725,36,Female,79312.84,Bachelor,Chennai,644,1137.97,0
CUST_0726,61,Female,117193.99,Bachelor,Mumbai,743,1018.0,0
CUST_0727,56,Female,131359.85,Master,Delhi,770,1871.62,0
CUST_0728,44,Male,100293.66,Bachelor,Bangalore,764,1866.6,0
CUST_0729,27,Female,78497.34,Bachelor,Delhi,673,523.3,0
CUST_0730,43,Male,93190.96,High School,Hyderabad,668,504.3,0
CUST_0731,36,Female,52310.53,High School,Hyderabad,599,378.19,0
CUST_0732,56,Male,107001.09,High School,Chennai,699,1684.23,0
CUST_0733,20,Male,44870.08,High School,Chennai,584,984.13,1
CUST_0734,62,Female,122251.25,Bachelor,Delhi,729,646.06,0
CUST_0735,30,Female,80703.34,Master,Delhi,674,1951.73,0
CUST_0736,67,Female,111315.04,Bachelor,Bangalore,655,835.49,0
CUST_0737,45,Female,115621.17,Master,Mumbai,746,2518.8,0
CUST_0738,37,Female,100112.7,PhD,Mumbai,704,1515.13,0
CUST_0739,45,Male,118894.42,Master,Hyderabad,777,2039.04,0
CUST_0740,25,Male,82599.64,Bachelor,Mumbai,685,1301.26,0
CUST_0741,58,Male,111377.85,Bachelor,Delhi,713,1598.2,1
CUST_0742,56,Male,108617.61,Bachelor,Delhi,757,2384.45,0
CUST_0743,18,Female,38263.64,High School,Delhi,573,737.31,0
CUST_0744,20,Male,70744.49,Bachelor,Chennai,562,971.35,1
CUST_0745,30,Female,94476.65,Master,Bangalore,683,700.31,1
CUST_0746,45,Male,99784.95,Master,Delhi,682,654.16,0
CUST_0747,66,Female,100285.2,High School,Chennai,730,2089.09,0
CUST_0748,42,Female,88806.65,Bachelor,Mumbai,741,1343.68,1
CUST_0749,50,Male,111071.98,Master,Bangalore,734,1616.43,0
CUST_0750,55,Male,77370.89,High School,Delhi,646,1479.84,0
CUST_0751,70,Male,130990.2,Bachelor,Chennai,814,2880.46,1
CUST_0752,23,Male,80164.9,Master,Bangalore,661,1424.82,0
CUST_0753,61,Male,113353.65,Bachelor,Chennai,703,2333.17,0
CUST_0754,62,Male,93617.33,High School,Chennai,659,1870.58,0
CUST_0755,49,Male,103552.71,Bachelor,Mumbai,680,1225.96,0
CUST_0756,62,Female,131386.96,Master,Hyderabad,801,1445.62,1
CUST_0757,64,Female,128927.84,Bachelor,Chennai,760,2706.52,0
CUST_0758,38,Female,75405.99,High School,Chennai,662,971.32,1
CUST_0759,33,Male,77573.16,Bachelor,Chennai,609,1814.44,0
CUST_0760,38,Female,78202.83,Bachelor,Bangalore,693,440.11,0
CUST_0761,28,Male,82259.53,Bachelor,Bangalore,586,469.03,0
CUST_0762,54,Male,116974.24,Master,Mumbai,717,2772.35,0
CUST_0763,53,Female,86882.82,High School,Bangalore,709,1457.84,1
CUST_0764,52,Male,115680.28,Master,Mumbai,697,1446.08,0
CUST_0765,36,Female,64183.92,High School,Hyderabad,661,1246.91,0
CUST_0766,37,Female,82854.61,Bachelor,Chennai,638,1583.91,0
CUST_0767,35,Male,86262.08,High School,Delhi,628,1365.07,1
CUST_0768,64,Male,106321.78,Bachelor,Hyderabad,781,801.42,0
CUST_0769,58,Male,101454.96,Bachelor,Chennai,727,2153.31,0
CUST_0770,66,Female,133043.24,Bachelor,Mumbai,797,2963.89,0
CUST_0771,31,Male,58451.96,High School,Bangalore,661,478.29,0
CUST_0772,32,Male,73893.79,Bachelor,Delhi,558,1601.27,0
CUST_0773,48,Male,92948.64,High School,Chennai,719,2230.87,0
CUST_0774,18,Female,62398.04,Master,Mumbai,589,1038.01,1
CUST_0775,70,Male,147214.54,Master,Delhi,783,2614.75,0
CUST_0776,20,Male,64456.16,Bachelor,Bangalore,636,947.0,0
CUST_0777,33,Female,84248.02,Bachelor,Chennai,653,875.8,0
CUST_0778,40,Female,92460.31,Bachelor,Chennai,707,1813.45,0
CUST_0779,28,Male,52320.17,High School,Chennai,611,1210.45,1
CUST_0780,29,Male,85311.84,Bachelor,Hyderabad,669,1465.67,0
CUST_0781,27,Male,81898.62,Master,Chennai,638,1206.1,0
CUST_0782,49,Female,102888.49,Bachelor,Hyderabad,676,923.88,0
CUST_0783,33,Male,76977.24,High School,Hyderabad,629,455.95,0
CUST_0784,25,Female,98789.02,Master,Chennai,675,1424.47,0
CUST_0785,55,Female,103328.74,Bachelor,Delhi,785,595.95,0
CUST_0786,29,Female,94431.35,Master,Bangalore,728,1542.66,0
CUST_0787,41,Male,85605.11,Bachelor,Mumbai,655,1172.56,1
CUST_0788,45,Female,119037.96,Bachelor,Delhi,735,2419.75,0
CUST_0789,70,Female,116801.26,High School,Mumbai,749,1280.77,0
CUST_0790,25,Female,55840.58,High School,Mumbai,618,907.28,1
CUST_0791,45,Male,132125.62,PhD,Hyderabad,761,2051.87,0
CUST_0792,53,Female,92671.05,High School,Hyderabad,721,534.17,0
CUST_0793,43,Male,130967.44,PhD,Chennai,647,882.73,0
CUST_0794,25,Male,67600.02,Bachelor,Mumbai,644,673.14,0
CUST_0795,67,Male,101456.73,High School,Bangalore,719,2301.82,0
CUST_0796,45,Female,77481.47,High School,Bangalore,646,611.89,0
CUST_0797,45,Male,67603.08,High School,Mumbai,683,1314.99,1
CUST_0798,54,Male,126982.74,Master,Bangalore,807,3076.75,0
CUST_0799,58,Male,101582.95,Bachelor,Bangalore,746,2168.97,0
CUST_0800,53,Male,93000.5,Bachelor,Hyderabad,685,916.82,0
CUST_0801,44,Female,92656.46,Bachelor,Chennai,654,2165.27,0
CUST_0802,34,Female,64498.77,High School,Mumbai,532,403.37,0
CUST_0803,26,Male,73696.34,Bachelor,Bangalore,648,1021.77,0
CUST_0804,50,Male,79317.95,High School,Delhi,699,1937.43,0
CUST_0805,70,Female,135074.57,Master,Bangalore,783,2497.75,1
CUST_0806,37,Male,91321.2,Bachelor,Hyderabad,714,1208.61,0
CUST_0807,30,Male,82312.17,Bachelor,Mumbai,613,970.25,1
CUST_0808,45,Female,99895.25,Bachelor,Mumbai,698,1309.53,1
CUST_0809,65,Female,118339.68,Bachelor,Mumbai,747,1765.0,0
CUST_0810,46,Male,131889.23,PhD,Bangalore,749,1464.77,1
CUST_0811,30,Female,78304.39,Bachelor,Delhi,694,1942.44,1
CUST_0812,63,Male,94039.58,High School,Chennai,713,2238.13,0
CUST_0813,52,Female,117140.47,Bachelor,Delhi,728,2605.42,1
CUST_0814,23,Male,65915.88,High School,Bangalore,594,921.75,0
CUST_0815,35,Male,74942.46,High School,Delhi,701,1338.75,0
CUST_0816,68,Male,152341.38,PhD,Delhi,760,3518.22,0
CUST_0817,22,Female,86791.44,Master,Hyderabad,637,1848.21,0
CUST_0818,64,Female,161583.7,PhD,Mumbai,850,2086.59,0
CUST_0819,42,Male,78168.03,Bachelor,Mumbai,684,531.2,0
CUST_0820,19,Male,79745.12,Bachelor,Delhi,642,537.51,1
CUST_0821,27,Female,40006.12,High School,Delhi,593,627.99,1
CUST_0822,47,Male,88446.06,High School,Mumbai,656,1518.08,0
CUST_0823,67,Male,149932.82,Master,Mumbai,803,3321.91,1
CUST_0824,62,Female,113269.37,Bachelor,Mumbai,732,1303.64,0
CUST_0825,22,Male,79895.36,Master,Hyderabad,653,699.02,0
CUST_0826,50,Female,121676.61,Master,Mumbai,690,1620.8,0
CUST_0827,18,Female,65118.82,High School,Hyderabad,633,856.54,1
CUST_0828,35,Male,79189.32,Bachelor,Delhi,696,581.38,0
CUST_0829,49,Male,90990.45,Bachelor,Hyderabad,688,1709.99,0
CUST_0830,64,Male,97562.25,High School,Chennai,746,1475.81,1
CUST_0831,66,Female,118674.86,Master,Mumbai,768,2358.06,1
CUST_0832,28,Female,82577.58,Bachelor,Hyderabad,636,990.78,0
CUST_0833,38,Female,65459.17,High School,Bangalore,607,714.26,0
CUST_0834,43,Male,89516.61,Bachelor,Hyderabad,654,1362.32,1
CUST_0835,42,Female,134496.21,PhD,Delhi,762,3048.53,1
CUST_0836,39,Female,68030.9,High School,Bangalore,647,361.79,0
CUST_0837,44,Female,115390.9,Master,Delhi,771,2409.43,1
CUST_0838,66,Female,93819.11,High School,Hyderabad,748,1127.96,1
CUST_0839,30,Female,100587.19,Master,Bangalore,714,2172.12,1
CUST_0840,50,Female,118419.05,Master,Delhi,747,2468.14,1
CUST_0841,51,Female,100314.21,Bachelor,Chennai,678,1219.94,0
CUST_0842,58,Male,110908.93,Bachelor,Chennai,747,2096.89,0
CUST_0843,52,Male,104532.39,Master,Mumbai,721,834.49,0
CUST_0844,18,Female,62680.01,Bachelor,Bangalore,576,1511.75,0
CUST_0845,38,Male,99183.3,Master,Bangalore,737,1197.76,1
CUST_0846,65,Female,90405.67,High School,Delhi,752,1291.16,1
CUST_0847,23,Female,75889.25,Master,Mumbai,601,1443.5,0
CUST_0848,45,Female,107707.55,Master,Hyderabad,693,2258.24,0
CUST_0849,34,Male,89727.08,Master,Bangalore,656,890.99,0
CUST_0850,22,Male,27278.86,High School,Delhi,589,486.22,0
CUST_0851,48,Male,108363.88,Bachelor,Bangalore,737,1453.74,0
CUST_0852,22,Female,64979.1,Bachelor,Bangalore,625,847.46,0
CUST_0853,55,Female,83260.5,Bachelor,Mumbai,700,1660.65,0
CUST_0854,20,Female,85349.63,Bachelor,Mumbai,607,1063.5,0
CUST_0855,70,Male,121413.92,High School,Delhi,779,1517.35,0
CUST_0856,40,Female,99510.18,Master,Hyderabad,694,2102.85,1
CUST_0857,54,Female,96375.03,Bachelor,Delhi,686,671.55,0
CUST_0858,70,Male,113031.91,High School,Hyderabad,700,2069.85,0
CUST_0859,54,Female,106823.27,Bachelor,Hyderabad,726,1095.63,0
CUST_0860,27,Male,77820.9,Bachelor,Delhi,662,442.14,0
CUST_0861,27,Male,49003.8,High School,Chennai,546,363.43,1
CUST_0862,36,Female,129177.72,PhD,Delhi,738,2246.14,0
CUST_0863,34,Male,91065.38,Master,Bangalore,682,1727.84,1
CUST_0864,38,Female,92407.66,Bachelor,Chennai,665,460.12,0
CUST_0865,31,Female,54230.61,High School,Bangalore,632,310.07,0
CUST_0866,26,Female,112681.44,Master,Delhi,696,2523.56,0
CUST_0867,63,Male,122555.23,Bachelor,Chennai,769,839.02,0
CUST_0868,18,Female,90442.32,Bachelor,Bangalore,676,2066.87,0
CUST_0869,68,Female,129876.02,Bachelor,Bangalore,795,1240.36,1
CUST_0870,62,Female,108785.36,Bachelor,Hyderabad,773,2149.63,0
CUST_0871,30,Male,84293.81,Bachelor,Delhi,674,1025.98,0
CUST_0872,21,Male,74205.78,Bachelor,Bangalore,620,1721.46,1
CUST_0873,18,Female,65333.24,Bachelor,Delhi,597,1309.46,1
CUST_0874,66,Male,140503.92,Master,Delhi,753,1827.39,0
CUST_0875,57,Female,116017.27,Bachelor,Delhi,748,701.35,0
CUST_0876,49,Female,103863.19,Master,Hyderabad,761,2040.53,0
CUST_0877,51,Male,105551.42,Master,Delhi,707,1845.74,0
CUST_0878,45,Female,86057.83,Bachelor,Mumbai,699,475.93,1
CUST_0879,48,Female,98875.42,Bachelor,Chennai,680,528.56,0
CUST_0880,25,Female,67768.29,Bachelor,Hyderabad,638,1383.73,0
CUST_0881,56,Female,97444.29,Bachelor,Bangalore,757,965.99,1
CUST_0882,43,Female,114353.14,Master,Bangalore,747,1995.34,1
CUST_0883,51,Male,104030.45,Bachelor,Bangalore,662,1492.15,0
CUST_0884,20,Male,100689.29,PhD,Delhi,695,2270.39,1
CUST_0885,67,Female,102820.11,High School,Delhi,756,2434.47,0
CUST_0886,29,Male,56017.72,High School,Delhi,625,1411.92,0
CUST_0887,18,Male,53186.69,Bachelor,Hyderabad,625,326.45,1
CUST_0888,61,Male,122537.4,Bachelor,Chennai,728,2641.3,0
CUST_0889,22,Female,44365.07,High School,Bangalore,595,450.86,0
CUST_0890,47,Female,98493.9,Bachelor,Mumbai,743,1661.21,0
CUST_0891,47,Female,113020.1,Bachelor,Mumbai,762,1771.03,0
CUST_0892,34,Female,62477.42,High School,Mumbai,654,338.75,0
CUST_0893,65,Female,162607.02,PhD,Delhi,791,3797.74,0
CUST_0894,64,Male,107487.09,High School,Hyderabad,702,738.93,0
CUST_0895,40,Female,106114.68,Master,Mumbai,711,1990.31,0
CUST_0896,32,Male,97703.48,Master,Delhi,691,2002.37,0
CUST_0897,54,Female,118850.93,Master,Chennai,740,2403.94,1
CUST_0898,38,Female,70947.76,High School,Mumbai,624,551.26,0
CUST_0899,31,Male,86718.86,Master,Bangalore,683,1221.29,0
CUST_0900,19,Male,63214.57,Bachelor,Mumbai,621,1314.91,0
CUST_0901,28,Male,67747.74,Bachelor,Bangalore,645,786.07,0
CUST_0902,68,Male,131656.55,Bachelor,Hyderabad,800,1922.67,1
CUST_0903,56,Male,105205.03,Master,Bangalore,715,1102.46,0
CUST_0904,55,Female,110810.53,Bachelor,Mumbai,715,1581.97,0
CUST_0905,51,Female,119565.87,Master,Delhi,779,2768.23,0
CUST_0906,55,Female,108460.16,Bachelor,Hyderabad,702,1547.93,0
CUST_0907,67,Female,145644.99,Master,Bangalore,782,2312.43,0
CUST_0908,51,Female,133338.76,PhD,Bangalore,804,1734.13,1
CUST_0909,35,Female,69554.34,High School,Bangalore,627,1015.68,0
CUST_0910,47,Male,114234.58,PhD,Bangalore,724,504.23,0
CUST_0911,32,Female,59246.83,High School,Bangalore,613,585.88,0
CUST_0912,44,Male,86357.36,High School,Delhi,620,1219.93,0
CUST_0913,68,Female,93208.38,High School,Bangalore,717,1707.99,0
CUST_0914,51,Female,102797.43,Bachelor,Bangalore,680,1490.32,0
CUST_0915,69,Female,116024.83,Bachelor,Chennai,766,1408.69,0
CUST_0916,55,Male,89890.13,High School,Mumbai,740,1153.66,0
CUST_0917,50,Female,78823.23,High School,Mumbai,601,724.64,0
CUST_0918,41,Female,91728.04,Master,Mumbai,673,2144.85,0
CUST_0919,32,Male,97260.03,Master,Hyderabad,700,1401.53,0
CUST_0920,47,Male,110904.03,Master,Bangalore,646,649.3,0
CUST_0921,59,Female,131926.29,Master,Hyderabad,815,670.09,0
CUST_0922,68,Male,144544.38,Master,Chennai,812,3508.78,1
CUST_0923,34,Female,78052.59,High School,Bangalore,696,788.89,0
CUST_0924,22,Male,67734.87,Bachelor,Hyderabad,608,1349.3,0
CUST_0925,46,Male,122886.21,Master,Bangalore,724,698.19,0
CUST_0926,21,Female,55442.25,Bachelor,Bangalore,603,1312.04,0
CUST_0927,27,Male,81489.6,Bachelor,Chennai,729,1858.58,1
CUST_0928,34,Female,70393.9,High School,Chennai,693,1152.41,0
CUST_0929,27,Male,74730.93,Bachelor,Delhi,649,385.15,1
CUST_0930,34,Male,85247.32,Bachelor,Bangalore,678,929.21,0
CUST_0931,37,Female,74792.61,Bachelor,Mumbai,679,1014.33,0
CUST_0932,41,Male,77232.53,Bachelor,Chennai,749,1121.86,0
CUST_0933,22,Female,83498.28,Bachelor,Mumbai,665,953.39,1
CUST_0934,51,Female,84512.78,High School,Mumbai,690,463.22,0
CUST_0935,23,Female,50770.07,High School,Bangalore,592,961.72,0
CUST_0936,70,Male,127976.91,Master,Bangalore,784,1866.1,0
CUST_0937,19,Male,47982.22,Bachelor,Hyderabad,574,584.39,1
CUST_0938,30,Female,60116.81,High School,Mumbai,644,391.35,0
CUST_0939,60,Female,123584.12,Master,Hyderabad,707,3088.66,0
CUST_0940,60,Female,97017.34,High School,Mumbai,708,1424.31,0
CUST_0941,65,Male,118871.54,Bachelor,Chennai,782,2383.93,1
CUST_0942,28,Male,83494.61,High School,Bangalore,672,1227.96,1
CUST_0943,68,Female,133214.2,Master,Mumbai,765,779.1,0
CUST_0944,64,Female,132599.4,Bachelor,Bangalore,768,1447.66,0
CUST_0945,40,Female,89420.24,High School,Mumbai,718,1064.69,0
CUST_0946,33,Female,102136.24,Master,Delhi,650,2302.44,0
CUST_0947,48,Female,95248.74,Bachelor,Hyderabad,658,1626.18,0
CUST_0948,28,Male,59985.28,Bachelor,Delhi,591,748.22,0
CUST_0949,33,Male,69379.44,High School,Bangalore,643,1637.89,0
CUST_0950,25,Male,80188.12,Bachelor,Bangalore,603,868.6,0
CUST_0951,21,Male,67676.87,High School,Bangalore,660,1627.29,1
CUST_0952,57,Female,98900.42,Bachelor,Delhi,684,2464.96,0
CUST_0953,21,Male,77764.74,Master,Chennai,650,622.23,0
CUST_0954,42,Female,80961.35,Bachelor,Hyderabad,652,853.29,0
CUST_0955,20,Male,42665.22,High School,Bangalore,586,593.64,0
CUST_0956,49,Male,90443.88,High School,Delhi,638,1660.42,0
CUST_0957,20,Male,42206.95,High School,Mumbai,622,668.52,1
CUST_0958,44,Male,84557.29,Bachelor,Delhi,646,2124.31,0
CUST_0959,46,Female,118169.96,Master,Delhi,695,2362.83,0
CUST_0960,49,Male,88307.39,High School,Delhi,775,867.27,0
CUST_0961,67,Female,138900.11,Master,Delhi,808,973.38,0
CUST_0962,68,Male,130071.13,Master,Bangalore,810,2349.12,0
CUST_0963,36,Male,96130.23,Bachelor,Chennai,703,692.13,0
CUST_0964,38,Male,100744.9,Master,Bangalore,681,2141.7,0
CUST_0965,22,Female,90201.9,Bachelor,Delhi,616,1054.32,0
CUST_0966,35,Female,83611.66,Bachelor,Mumbai,657,933.86,0
CUST_0967,45,Male,70666.52,Bachelor,Delhi,626,296.56,0
CUST_0968,59,Male,87021.24,Bachelor,Hyderabad,669,1602.81,0
CUST_0969,39,Female,78039.5,High School,Hyderabad,608,575.72,0
CUST_0970,38,Male,98604.94,Bachelor,Chennai,698,2026.05,1
CUST_0971,23,Male,59761.72,Bachelor,Delhi,672,938.83,0
CUST_0972,18,Female,82609.79,Bachelor,Chennai,665,1686.32,1
CUST_0973,22,Female,68029.99,High School,Delhi,625,1122.44,0
CUST_0974,58,Male,126705.47,Master,Hyderabad,758,898.69,1
CUST_0975,29,Female,95194.54,Master,Mumbai,571,1827.44,0
CUST_0976,43,Female,100545.3,Bachelor,Hyderabad,688,658.96,0
CUST_0977,63,Male,119499.95,High School,Hyderabad,705,1724.88,0
CUST_0978,51,Female,123021.36,Master,Chennai,750,1074.8,0
CUST_0979,66,Female,136079.32,Master,Bangalore,774,2753.57,1
CUST_0980,31,Male,98923.01,Master,Bangalore,655,2263.35,0
CUST_0981,43,Male,96973.6,Bachelor,Hyderabad,701,1534.21,1
CUST_0982,62,Male,123644.1,Bachelor,Bangalore,763,1806.69,0
CUST_0983,44,Female,62099.77,High School,Hyderabad,699,1296.84,0
CUST_0984,26,Male,59358.53,High School,Mumbai,644,314.81,0
CUST_0985,43,Female,111204.41,Master,Mumbai,726,2667.12,0
CUST_0986,64,Female,131071.53,Master,Hyderabad,740,1152.99,1
CUST_0987,39,Male,94641.66,Bachelor,Delhi,651,2381.7,0
CUST_0988,64,Female,151011.68,Master,Delhi,824,2925.22,0
CUST_0989,47,Male,97782.17,Bachelor,Delhi,696,1867.83,1
CUST_0990,60,Female,118917.21,Bachelor,Mumbai,759,2150.54,0
CUST_0991,65,Female,134062.65,Bachelor,Chennai,813,1906.63,0
CUST_0992,34,Male,97415.65,Master,Bangalore,634,1548.25,0
CUST_0993,43,Male,67715.37,High School,Hyderabad,702,446.33,0
CUST_0994,53,Male,124757.79,Master,Hyderabad,785,2241.08,0
CUST_0995,18,Male,54583.34,Master,Mumbai,532,961.68,0
CUST_0996,25,Male,32016.33,High School,Chennai,660,721.62,0
CUST_0997,66,Male,122530.12,Bachelor,Delhi,774,1854.95,0
CUST_0998,52,Female,93950.3,Master,Mumbai,687,582.06,0
CUST_0999,69,Male,109648.32,Bachelor,Hyderabad,765,1247.85,1
CUST_1000,32,Male,89599.01,Master,Bangalore,639,1545.9,0
